"#1 = ORIENTED_EDGE ( 'NONE', *, *, #401, .T. ) ;"
#2 = DATE_TIME_ROLE ( 'classification_date' ) ;
"#3 = DIRECTION ( 'NONE',  ( -1.000000000000000000, 0.000000000000000000, 0.000000000000000000 ) ) ;"
"#4 = EDGE_LOOP ( 'NONE', ( #458, #388 ) ) ;"
"#5 = ADVANCED_FACE ( 'NONE', ( #98 ), #498, .F. ) ;"
"#6 = AXIS2_PLACEMENT_3D ( 'NONE', #459, #574, #10 ) ;"
"#7 = DIRECTION ( 'NONE',  ( -0.000000000000000000, 1.000000000000000000, -0.000000000000000000 ) ) ;"
"#8 = ORIENTED_EDGE ( 'NONE', *, *, #121, .T. ) ;"
"#9 = VERTEX_POINT ( 'NONE', #611 ) ;"
"#10 = DIRECTION ( 'NONE',  ( -1.000000000000000000, 0.000000000000000000, -0.000000000000000000 ) ) ;"
"#11 = EDGE_LOOP ( 'NONE', ( #246, #105 ) ) ;"
"#12 = EDGE_CURVE ( 'NONE', #464, #390, #383, .T. ) ;"
"#13 = CARTESIAN_POINT ( 'NONE',  ( 0.000000000000000000, 10.00000000000000000, -30.00000000000000000 ) ) ;"
"#14 = DIRECTION ( 'NONE',  ( -1.000000000000000000, -0.000000000000000000, -0.000000000000000000 ) ) ;"
"#15 = VECTOR ( 'NONE', #365, 1000.000000000000000 ) ;"
"#16 = LOCAL_TIME ( 17, 58, 36.00000000000000000, #508 ) ;"
"#17 = CIRCLE ( 'NONE', #499, 5.000000000000000888 ) ;"
"#18 = ADVANCED_FACE ( 'NONE', ( #517 ), #479, .F. ) ;"
"#19 = CARTESIAN_POINT ( 'NONE',  ( 49.99999999999999289, 0.000000000000000000, 0.000000000000000000 ) ) ;"
"#20 = CARTESIAN_POINT ( 'NONE',  ( 0.000000000000000000, 10.00000000000000000, -30.00000000000000000 ) ) ;"
"#21 = DESIGN_CONTEXT ( 'detailed design', #529, 'design' ) ;"
"#22 = CARTESIAN_POINT ( 'NONE',  ( 0.000000000000000000, 5.000000000000000000, -2.000000000000001776 ) ) ;"
"#23 = CARTESIAN_POINT ( 'NONE',  ( 3.500000000000000000, 5.000000000000000000, -21.00000000000000000 ) ) ;"
"#24 = VERTEX_POINT ( 'NONE', #79 ) ;"
"#25 = CARTESIAN_POINT ( 'NONE',  ( 40.00000000000000000, 4.000000000000000000, -7.000000000000000000 ) ) ;"
"#26 = DIRECTION ( 'NONE',  ( 1.000000000000000000, 0.000000000000000000, 0.000000000000000000 ) ) ;"
"#27 = EDGE_CURVE ( 'NONE', #552, #143, #276, .T. ) ;"
"#28 = ORIENTED_EDGE ( 'NONE', *, *, #318, .F. ) ;"
"#29 = CIRCLE ( 'NONE', #80, 5.000000000000000888 ) ;"
"#30 = MANIFOLD_SOLID_BREP ( 'ַ׀³‎-ְ­ֹל4', #111 ) ;"
"#31 = CARTESIAN_POINT ( 'NONE',  ( 0.000000000000000000, 0.000000000000000000, -30.00000000000000000 ) ) ;"
"#32 = VECTOR ( 'NONE', #14, 1000.000000000000000 ) ;"
"#33 = LINE ( 'NONE', #482, #554 ) ;"
"#34 = DIRECTION ( 'NONE',  ( 0.000000000000000000, 0.000000000000000000, 1.000000000000000000 ) ) ;"
#35 = PERSON_AND_ORGANIZATION_ROLE ( 'creator' ) ;
"#36 = ADVANCED_FACE ( 'NONE', ( #317 ), #260, .F. ) ;"
"#37 = CARTESIAN_POINT ( 'NONE',  ( 3.000000000000000000, 6.000000000000000000, -2.000000000000000000 ) ) ;"
"#38 = CIRCLE ( 'NONE', #415, 3.000000000000002665 ) ;"
"#39 = CARTESIAN_POINT ( 'NONE',  ( 40.00000000000000000, 4.000000000000000000, -7.000000000000000000 ) ) ;"
"#40 = ORIENTED_EDGE ( 'NONE', *, *, #27, .F. ) ;"
"#41 = COORDINATED_UNIVERSAL_TIME_OFFSET ( 8, 0, .AHEAD. ) ;"
"#42 = FACE_OUTER_BOUND ( 'NONE', #270, .T. ) ;"
"#43 = VERTEX_POINT ( 'NONE', #20 ) ;"
"#44 = SHAPE_DEFINITION_REPRESENTATION ( #286, #638 ) ;"
"#45 = DIRECTION ( 'NONE',  ( -1.000000000000000000, -0.000000000000000000, -0.000000000000000000 ) ) ;"
"#46 = ORIENTED_EDGE ( 'NONE', *, *, #450, .F. ) ;"
"#47 = EDGE_CURVE ( 'NONE', #621, #651, #625, .T. ) ;"
"#48 = DIRECTION ( 'NONE',  ( -0.000000000000000000, -0.000000000000000000, 1.000000000000000000 ) ) ;"
"#49 = CARTESIAN_POINT ( 'NONE',  ( 49.99999999999999289, 10.00000000000000000, 0.000000000000000000 ) ) ;"
"#50 = AXIS2_PLACEMENT_3D ( 'NONE', #39, #183, #486 ) ;"
"#51 = DIRECTION ( 'NONE',  ( 0.000000000000000000, 0.000000000000000000, 1.000000000000000000 ) ) ;"
"#52 = ORIENTED_EDGE ( 'NONE', *, *, #281, .F. ) ;"
"#53 = EDGE_CURVE ( 'NONE', #464, #511, #171, .T. ) ;"
"#54 = DIRECTION ( 'NONE',  ( 0.000000000000000000, 0.000000000000000000, -1.000000000000000000 ) ) ;"
"#55 = ORIENTED_EDGE ( 'NONE', *, *, #337, .T. ) ;"
"#56 = EDGE_LOOP ( 'NONE', ( #354, #69, #344, #201 ) ) ;"
"#57 = CALENDAR_DATE ( 2022, 8, 9 ) ;"
"#58 = DIRECTION ( 'NONE',  ( -1.000000000000000000, 0.000000000000000000, 0.000000000000000000 ) ) ;"
"#59 = APPROVAL ( #548, '־´ײ¸¶¨' ) ;"
"#60 = ORIENTED_EDGE ( 'NONE', *, *, #132, .F. ) ;"
"#61 = CARTESIAN_POINT ( 'NONE',  ( 0.000000000000000000, 6.000000000000000000, -2.000000000000000000 ) ) ;"
"#62 = ORIENTED_EDGE ( 'NONE', *, *, #114, .F. ) ;"
"#63 = LINE ( 'NONE', #122, #119 ) ;"
"#64 = CARTESIAN_POINT ( 'NONE',  ( 40.00000000000000000, 4.000000000000000000, -7.000000000000000000 ) ) ;"
"#65 = ADVANCED_FACE ( 'NONE', ( #222 ), #210, .F. ) ;"
"#66 = CARTESIAN_POINT ( 'NONE',  ( 12.00000000000000000, 0.000000000000000000, -10.00000000000000178 ) ) ;"
"#67 = CARTESIAN_POINT ( 'NONE',  ( 12.00000000000000000, 0.000000000000000000, -10.00000000000000178 ) ) ;"
"#68 = VECTOR ( 'NONE', #118, 1000.000000000000000 ) ;"
"#69 = ORIENTED_EDGE ( 'NONE', *, *, #53, .T. ) ;"
"#70 = CIRCLE ( 'NONE', #82, 1.000000000000000000 ) ;"
"#71 = DIRECTION ( 'NONE',  ( -1.000000000000000000, 0.000000000000000000, 0.000000000000000000 ) ) ;"
"#72 = DIRECTION ( 'NONE',  ( 1.000000000000000000, 0.000000000000000000, 0.000000000000000000 ) ) ;"
"#73 = ORIENTED_EDGE ( 'NONE', *, *, #318, .T. ) ;"
"#74 = CARTESIAN_POINT ( 'NONE',  ( 3.500000000000000000, 5.000000000000000000, -20.00000000000000000 ) ) ;"
"#75 = ADVANCED_FACE ( 'NONE', ( #417 ), #164, .F. ) ;"
"#76 = DIRECTION ( 'NONE',  ( -1.000000000000000000, 0.000000000000000000, 0.000000000000000000 ) ) ;"
"#77 = ORIENTED_EDGE ( 'NONE', *, *, #86, .T. ) ;"
"#78 = MECHANICAL_CONTEXT ( 'NONE', #483, 'mechanical' ) ;"
"#79 = CARTESIAN_POINT ( 'NONE',  ( 43.00000000000000000, 4.000000000000000000, -7.000000000000000000 ) ) ;"
"#80 = AXIS2_PLACEMENT_3D ( 'NONE', #66, #115, #528 ) ;"
"#81 = DATE_AND_TIME ( #328, #255 ) ;"
"#82 = AXIS2_PLACEMENT_3D ( 'NONE', #203, #109, #405 ) ;"
"#83 = DIRECTION ( 'NONE',  ( 0.000000000000000000, 0.000000000000000000, -1.000000000000000000 ) ) ;"
"#84 = PERSON_AND_ORGANIZATION ( #426, #129 ) ;"
"#85 = CARTESIAN_POINT ( 'NONE',  ( 0.000000000000000000, 10.00000000000000000, 0.000000000000000000 ) ) ;"
"#86 = EDGE_CURVE ( 'NONE', #145, #9, #168, .T. ) ;"
"#87 = DIRECTION ( 'NONE',  ( -0.000000000000000000, -0.000000000000000000, 1.000000000000000000 ) ) ;"
"#88 = ORIENTED_EDGE ( 'NONE', *, *, #285, .T. ) ;"
"#89 = DIRECTION ( 'NONE',  ( 0.000000000000000000, 0.000000000000000000, 1.000000000000000000 ) ) ;"
"#90 = AXIS2_PLACEMENT_3D ( 'NONE', #524, #71, #423 ) ;"
"#91 = EDGE_CURVE ( 'NONE', #110, #347, #113, .T. ) ;"
"#92 = LINE ( 'NONE', #141, #130 ) ;"
"#93 = ORIENTED_EDGE ( 'NONE', *, *, #337, .F. ) ;"
"#94 = CARTESIAN_POINT ( 'NONE',  ( 49.99999999999999289, 0.000000000000000000, -30.00000000000000000 ) ) ;"
"#95 = CC_DESIGN_PERSON_AND_ORGANIZATION_ASSIGNMENT ( #639, #487, ( #438 ) ) ;"
"#96 = EDGE_LOOP ( 'NONE', ( #327, #302 ) ) ;"
"#97 = CARTESIAN_POINT ( 'NONE',  ( 0.000000000000000000, 10.00000000000000000, -30.00000000000000000 ) ) ;"
"#98 = FACE_OUTER_BOUND ( 'NONE', #547, .T. ) ;"
"#99 = AXIS2_PLACEMENT_3D ( 'NONE', #583, #632, #230 ) ;"
"#100 = DIRECTION ( 'NONE',  ( 0.000000000000000000, 0.000000000000000000, -1.000000000000000000 ) ) ;"
"#101 = ORIENTED_EDGE ( 'NONE', *, *, #374, .F. ) ;"
"#102 = CIRCLE ( 'NONE', #648, 1.000000000000000000 ) ;"
"#103 = EDGE_CURVE ( 'NONE', #294, #627, #315, .T. ) ;"
"#104 = DIRECTION ( 'NONE',  ( 0.000000000000000000, 0.000000000000000000, 1.000000000000000000 ) ) ;"
"#105 = ORIENTED_EDGE ( 'NONE', *, *, #636, .F. ) ;"
"#106 = ORIENTED_EDGE ( 'NONE', *, *, #165, .T. ) ;"
"#107 = LINE ( 'NONE', #239, #333 ) ;"
"#108 = VERTEX_POINT ( 'NONE', #368 ) ;"
"#109 = DIRECTION ( 'NONE',  ( -1.000000000000000000, 0.000000000000000000, 0.000000000000000000 ) ) ;"
"#110 = VERTEX_POINT ( 'NONE', #175 ) ;"
"#111 = CLOSED_SHELL ( 'NONE', ( #515, #139, #75, #396, #200, #542, #5, #568, #189, #493, #65, #36, #208, #18, #155, #433, #443, #618, #277, #169 ) ) ;"
"#112 = LINE ( 'NONE', #271, #172 ) ;"
"#113 = LINE ( 'NONE', #116, #68 ) ;"
"#114 = EDGE_CURVE ( 'NONE', #621, #110, #17, .T. ) ;"
"#115 = DIRECTION ( 'NONE',  ( 0.000000000000000000, 1.000000000000000000, 0.000000000000000000 ) ) ;"
"#116 = CARTESIAN_POINT ( 'NONE',  ( 12.00000000000000000, 0.000000000000000000, -15.00000000000000355 ) ) ;"
"#117 = DIRECTION ( 'NONE',  ( 0.000000000000000000, 0.000000000000000000, 1.000000000000000000 ) ) ;"
"#118 = DIRECTION ( 'NONE',  ( -0.000000000000000000, 1.000000000000000000, -0.000000000000000000 ) ) ;"
"#119 = VECTOR ( 'NONE', #610, 1000.000000000000000 ) ;"
"#120 = ORIENTED_EDGE ( 'NONE', *, *, #216, .F. ) ;"
"#121 = EDGE_CURVE ( 'NONE', #145, #196, #322, .T. ) ;"
"#122 = CARTESIAN_POINT ( 'NONE',  ( 3.000000000000000000, 4.000000000000003553, -4.999999999999999112 ) ) ;"
"#123 = CARTESIAN_POINT ( 'NONE',  ( 3.000000000000000000, 5.000000000000003553, -4.999999999999999112 ) ) ;"
"#124 = VERTEX_POINT ( 'NONE', #269 ) ;"
"#125 = DIRECTION ( 'NONE',  ( -0.000000000000000000, 1.000000000000000000, -0.000000000000000000 ) ) ;"
"#126 = DATE_AND_TIME ( #642, #414 ) ;"
"#127 = PLANE ( 'NONE',  #162 ) ;"
"#128 = AXIS2_PLACEMENT_3D ( 'NONE', #49, #617, #614 ) ;"
"#129 = ORGANIZATION ( '־´ײ¸¶¨', '־´ײ¸¶¨', '' ) ;"
"#130 = VECTOR ( 'NONE', #546, 1000.000000000000000 ) ;"
"#131 = FACE_OUTER_BOUND ( 'NONE', #569, .T. ) ;"
"#132 = EDGE_CURVE ( 'NONE', #404, #108, #410, .T. ) ;"
"#133 = DIRECTION ( 'NONE',  ( 0.000000000000000000, 0.000000000000000000, 1.000000000000000000 ) ) ;"
"#134 = DIRECTION ( 'NONE',  ( 1.000000000000000000, -0.000000000000000000, 0.000000000000000000 ) ) ;"
"#135 = EDGE_LOOP ( 'NONE', ( #449, #545 ) ) ;"
"#136 = PERSON_AND_ORGANIZATION ( #426, #129 ) ;"
"#137 = DIRECTION ( 'NONE',  ( 0.000000000000000000, -0.000000000000000000, -1.000000000000000000 ) ) ;"
"#138 = EDGE_LOOP ( 'NONE', ( #503, #296, #184, #106 ) ) ;"
"#139 = ADVANCED_FACE ( 'NONE', ( #530 ), #376, .F. ) ;"
"#140 = CIRCLE ( 'NONE', #311, 1.000000000000000888 ) ;"
"#141 = CARTESIAN_POINT ( 'NONE',  ( 0.000000000000000000, 0.000000000000000000, 0.000000000000000000 ) ) ;"
"#142 = PRODUCT_DEFINITION_FORMATION_WITH_SPECIFIED_SOURCE ( 'ָ־÷־', '', #438, .NOT_KNOWN. ) ;"
"#143 = VERTEX_POINT ( 'NONE', #389 ) ;"
"#144 = DIRECTION ( 'NONE',  ( 0.000000000000000000, 1.000000000000000000, 0.000000000000000000 ) ) ;"
"#145 = VERTEX_POINT ( 'NONE', #85 ) ;"
#146 = APPROVAL_ROLE ( '' ) ;
"#147 = DIRECTION ( 'NONE',  ( 0.000000000000000000, 0.000000000000000000, -1.000000000000000000 ) ) ;"
"#148 = EDGE_LOOP ( 'NONE', ( #359, #550, #120, #400, #223 ) ) ;"
"#149 = AXIS2_PLACEMENT_3D ( 'NONE', #123, #567, #264 ) ;"
"#150 = LINE ( 'NONE', #299, #353 ) ;"
"#151 = ORIENTED_EDGE ( 'NONE', *, *, #522, .T. ) ;"
"#152 = VECTOR ( 'NONE', #217, 1000.000000000000000 ) ;"
"#153 = DIRECTION ( 'NONE',  ( 0.000000000000000000, 0.000000000000000000, 1.000000000000000000 ) ) ;"
"#154 = EDGE_LOOP ( 'NONE', ( #88, #157, #198, #77 ) ) ;"
"#155 = ADVANCED_FACE ( 'NONE', ( #592 ), #429, .F. ) ;"
"#156 = LINE ( 'NONE', #395, #501 ) ;"
"#157 = ORIENTED_EDGE ( 'NONE', *, *, #461, .F. ) ;"
"#158 = EDGE_CURVE ( 'NONE', #457, #108, #280, .T. ) ;"
"#159 = FACE_OUTER_BOUND ( 'NONE', #313, .T. ) ;"
"#160 = CARTESIAN_POINT ( 'NONE',  ( 40.00000000000000000, 4.000000000000000000, -7.000000000000000000 ) ) ;"
"#161 = AXIS2_PLACEMENT_3D ( 'NONE', #364, #462, #474 ) ;"
"#162 = AXIS2_PLACEMENT_3D ( 'NONE', #434, #431, #137 ) ;"
"#163 = DIRECTION ( 'NONE',  ( 0.000000000000000000, 0.000000000000000000, 1.000000000000000000 ) ) ;"
"#164 = CYLINDRICAL_SURFACE ( 'NONE', #245, 3.000000000000002665 ) ;"
"#165 = EDGE_CURVE ( 'NONE', #390, #531, #291, .T. ) ;"
"#166 = ORIENTED_EDGE ( 'NONE', *, *, #522, .F. ) ;"
"#167 = DIRECTION ( 'NONE',  ( 0.000000000000000000, 0.000000000000000000, 1.000000000000000000 ) ) ;"
"#168 = LINE ( 'NONE', #565, #15 ) ;"
"#169 = ADVANCED_FACE ( 'NONE', ( #437 ), #332, .T. ) ;"
"#170 = DIRECTION ( 'NONE',  ( 0.000000000000000000, -0.000000000000000000, -1.000000000000000000 ) ) ;"
"#171 = LINE ( 'NONE', #219, #152 ) ;"
"#172 = VECTOR ( 'NONE', #416, 1000.000000000000000 ) ;"
"#173 = ORIENTED_EDGE ( 'NONE', *, *, #346, .F. ) ;"
"#174 = CARTESIAN_POINT ( 'NONE',  ( 3.500000000000000000, 5.000000000000000000, -19.00000000000000000 ) ) ;"
"#175 = CARTESIAN_POINT ( 'NONE',  ( 12.00000000000000000, 0.000000000000000000, -15.00000000000000355 ) ) ;"
#176 = APPROVAL_ROLE ( '' ) ;
"#177 = CARTESIAN_POINT ( 'NONE',  ( 3.000000000000000000, 4.000000000000003553, -2.000000000000000000 ) ) ;"
"#178 = PERSON_AND_ORGANIZATION ( #426, #129 ) ;"
"#179 = CC_DESIGN_PERSON_AND_ORGANIZATION_ASSIGNMENT ( #178, #35, ( #142 ) ) ;"
"#180 = DIRECTION ( 'NONE',  ( -1.000000000000000000, 0.000000000000000000, 0.000000000000000000 ) ) ;"
"#181 =( NAMED_UNIT ( * ) SI_UNIT ( $, .STERADIAN. ) SOLID_ANGLE_UNIT ( ) );"
"#182 = VECTOR ( 'NONE', #87, 1000.000000000000000 ) ;"
"#183 = DIRECTION ( 'NONE',  ( 0.000000000000000000, 0.000000000000000000, 1.000000000000000000 ) ) ;"
"#184 = ORIENTED_EDGE ( 'NONE', *, *, #401, .F. ) ;"
#185 = APPROVAL_STATUS ( 'not_yet_approved' ) ;
"#186 = DIRECTION ( 'NONE',  ( 0.000000000000000000, 0.000000000000000000, 1.000000000000000000 ) ) ;"
"#187 = VERTEX_POINT ( 'NONE', #177 ) ;"
"#188 = UNCERTAINTY_MEASURE_WITH_UNIT (LENGTH_MEASURE( 1.000000000000000082E-05 ), #190, 'distance_accuracy_value', 'NONE');"
"#189 = ADVANCED_FACE ( 'NONE', ( #590, #131 ), #127, .F. ) ;"
"#190 =( LENGTH_UNIT ( ) NAMED_UNIT ( * ) SI_UNIT ( .MILLI., .METRE. ) );"
"#191 = CARTESIAN_POINT ( 'NONE',  ( 3.000000000000000000, 4.000000000000003553, -2.000000000000000000 ) ) ;"
"#192 = EDGE_LOOP ( 'NONE', ( #587, #323, #646, #454 ) ) ;"
"#193 = AXIS2_PLACEMENT_3D ( 'NONE', #25, #167, #570 ) ;"
"#194 = DIRECTION ( 'NONE',  ( -0.000000000000000000, -1.000000000000000000, -0.000000000000000000 ) ) ;"
"#195 = VECTOR ( 'NONE', #72, 1000.000000000000000 ) ;"
"#196 = VERTEX_POINT ( 'NONE', #630 ) ;"
"#197 = FACE_OUTER_BOUND ( 'NONE', #192, .T. ) ;"
"#198 = ORIENTED_EDGE ( 'NONE', *, *, #121, .F. ) ;"
"#199 = DIRECTION ( 'NONE',  ( -1.000000000000000000, -0.000000000000000000, -0.000000000000000000 ) ) ;"
"#200 = ADVANCED_FACE ( 'NONE', ( #582, #228, #488 ), #640, .F. ) ;"
"#201 = ORIENTED_EDGE ( 'NONE', *, *, #165, .F. ) ;"
"#202 = AXIS2_PLACEMENT_3D ( 'NONE', #22, #513, #117 ) ;"
"#203 = CARTESIAN_POINT ( 'NONE',  ( 3.000000000000000000, 5.000000000000000000, -2.000000000000001776 ) ) ;"
"#204 = EDGE_LOOP ( 'NONE', ( #596, #594 ) ) ;"
"#205 = PRODUCT_RELATED_PRODUCT_CATEGORY ( 'detail', '', ( #438 ) ) ;"
"#206 = CARTESIAN_POINT ( 'NONE',  ( 43.00000000000000000, 4.000000000000000000, 0.000000000000000000 ) ) ;"
"#207 = EDGE_LOOP ( 'NONE', ( #559, #28, #238, #445 ) ) ;"
"#208 = ADVANCED_FACE ( 'NONE', ( #378 ), #336, .T. ) ;"
"#209 = CARTESIAN_POINT ( 'NONE',  ( 3.500000000000000000, 5.000000000000000000, -21.00000000000000000 ) ) ;"
"#210 = CYLINDRICAL_SURFACE ( 'NONE', #263, 5.000000000000000888 ) ;"
"#211 = DIRECTION ( 'NONE',  ( 1.000000000000000000, 0.000000000000000000, -0.000000000000000000 ) ) ;"
"#212 = AXIS2_PLACEMENT_3D ( 'NONE', #304, #352, #502 ) ;"
"#213 = CARTESIAN_POINT ( 'NONE',  ( 12.00000000000000000, 0.000000000000000000, -5.000000000000000888 ) ) ;"
"#214 = CIRCLE ( 'NONE', #212, 1.000000000000000888 ) ;"
"#215 = PLANE ( 'NONE',  #593 ) ;"
"#216 = EDGE_CURVE ( 'NONE', #531, #473, #237, .T. ) ;"
"#217 = DIRECTION ( 'NONE',  ( -1.000000000000000000, -0.000000000000000000, -0.000000000000000000 ) ) ;"
"#218 = FACE_OUTER_BOUND ( 'NONE', #220, .T. ) ;"
"#219 = CARTESIAN_POINT ( 'NONE',  ( 3.000000000000000000, 5.000000000000000000, -1.000000000000001776 ) ) ;"
"#220 = EDGE_LOOP ( 'NONE', ( #496, #93, #599, #469 ) ) ;"
"#221 = DIRECTION ( 'NONE',  ( 0.000000000000000000, 0.000000000000000000, 1.000000000000000000 ) ) ;"
"#222 = FACE_OUTER_BOUND ( 'NONE', #254, .T. ) ;"
"#223 = ORIENTED_EDGE ( 'NONE', *, *, #606, .F. ) ;"
"#224 = APPROVAL_PERSON_ORGANIZATION ( #629, #392, #580 ) ;"
"#225 = DIRECTION ( 'NONE',  ( -1.000000000000000000, -0.000000000000000000, -0.000000000000000000 ) ) ;"
"#226 = CC_DESIGN_PERSON_AND_ORGANIZATION_ASSIGNMENT ( #84, #386, ( #628 ) ) ;"
"#227 = APPROVAL_DATE_TIME ( #126, #392 ) ;"
"#228 = FACE_BOUND ( 'NONE', #148, .T. ) ;"
"#229 = PERSON_AND_ORGANIZATION ( #426, #129 ) ;"
"#230 = DIRECTION ( 'NONE',  ( 0.000000000000000000, -0.000000000000000000, 1.000000000000000000 ) ) ;"
"#231 = AXIS2_PLACEMENT_3D ( 'NONE', #444, #607, #453 ) ;"
"#232 = DIRECTION ( 'NONE',  ( 0.000000000000000000, 0.000000000000000000, 1.000000000000000000 ) ) ;"
"#233 = DIRECTION ( 'NONE',  ( 0.000000000000000000, 0.000000000000000000, 1.000000000000000000 ) ) ;"
"#234 = EDGE_CURVE ( 'NONE', #187, #644, #293, .T. ) ;"
"#235 = ORIENTED_EDGE ( 'NONE', *, *, #471, .T. ) ;"
"#236 = CARTESIAN_POINT ( 'NONE',  ( 0.000000000000000000, 5.000000000000000000, -20.00000000000000000 ) ) ;"
"#237 = LINE ( 'NONE', #643, #465 ) ;"
"#238 = ORIENTED_EDGE ( 'NONE', *, *, #247, .F. ) ;"
"#239 = CARTESIAN_POINT ( 'NONE',  ( 0.000000000000000000, 10.00000000000000000, 0.000000000000000000 ) ) ;"
"#240 = ORIENTED_EDGE ( 'NONE', *, *, #91, .F. ) ;"
"#241 = AXIS2_PLACEMENT_3D ( 'NONE', #597, #7, #451 ) ;"
"#242 = CIRCLE ( 'NONE', #161, 5.000000000000000888 ) ;"
"#243 = DIRECTION ( 'NONE',  ( 0.000000000000000000, 0.000000000000000000, 1.000000000000000000 ) ) ;"
"#244 = CC_DESIGN_APPROVAL ( #537, ( #142 ) ) ;"
"#245 = AXIS2_PLACEMENT_3D ( 'NONE', #533, #330, #362 ) ;"
"#246 = ORIENTED_EDGE ( 'NONE', *, *, #325, .F. ) ;"
"#247 = EDGE_CURVE ( 'NONE', #602, #562, #102, .T. ) ;"
"#248 = CYLINDRICAL_SURFACE ( 'NONE', #241, 5.000000000000000888 ) ;"
"#249 = ORIENTED_EDGE ( 'NONE', *, *, #461, .T. ) ;"
"#250 = FACE_OUTER_BOUND ( 'NONE', #442, .T. ) ;"
"#251 = ORIENTED_EDGE ( 'NONE', *, *, #553, .F. ) ;"
"#252 = VECTOR ( 'NONE', #370, 1000.000000000000000 ) ;"
"#253 = CYLINDRICAL_SURFACE ( 'NONE', #446, 1.000000000000000000 ) ;"
"#254 = EDGE_LOOP ( 'NONE', ( #240, #62, #319, #305 ) ) ;"
"#255 = LOCAL_TIME ( 17, 58, 36.00000000000000000, #284 ) ;"
"#256 = EDGE_CURVE ( 'NONE', #24, #404, #33, .T. ) ;"
"#257 = FACE_OUTER_BOUND ( 'NONE', #154, .T. ) ;"
"#258 = ORIENTED_EDGE ( 'NONE', *, *, #12, .T. ) ;"
"#259 = CARTESIAN_POINT ( 'NONE',  ( 40.00000000000000000, 4.000000000000000000, 0.000000000000000000 ) ) ;"
"#260 = CYLINDRICAL_SURFACE ( 'NONE', #391, 3.000000000000002665 ) ;"
"#261 = ORIENTED_EDGE ( 'NONE', *, *, #53, .F. ) ;"
"#262 = CARTESIAN_POINT ( 'NONE',  ( 49.99999999999999289, 10.00000000000000000, -30.00000000000000000 ) ) ;"
"#263 = AXIS2_PLACEMENT_3D ( 'NONE', #409, #125, #326 ) ;"
"#264 = DIRECTION ( 'NONE',  ( 0.000000000000000000, 0.000000000000000000, 1.000000000000000000 ) ) ;"
"#265 = CC_DESIGN_APPROVAL ( #392, ( #628 ) ) ;"
"#266 = VECTOR ( 'NONE', #561, 1000.000000000000000 ) ;"
"#267 = ORIENTED_EDGE ( 'NONE', *, *, #581, .T. ) ;"
"#268 = LINE ( 'NONE', #466, #622 ) ;"
"#269 = CARTESIAN_POINT ( 'NONE',  ( 0.000000000000000000, 4.000000000000003553, -4.999999999999999112 ) ) ;"
"#270 = EDGE_LOOP ( 'NONE', ( #40, #46, #151, #274 ) ) ;"
"#271 = CARTESIAN_POINT ( 'NONE',  ( 0.000000000000000000, 4.000000000000003553, -4.999999999999999112 ) ) ;"
"#272 = CARTESIAN_POINT ( 'NONE',  ( 3.000000000000000000, 5.000000000000000000, -2.000000000000001776 ) ) ;"
"#273 = EDGE_CURVE ( 'NONE', #473, #124, #301, .T. ) ;"
"#274 = ORIENTED_EDGE ( 'NONE', *, *, #325, .T. ) ;"
"#275 = DIRECTION ( 'NONE',  ( 1.000000000000000000, 0.000000000000000000, 0.000000000000000000 ) ) ;"
"#276 = LINE ( 'NONE', #23, #32 ) ;"
"#277 = ADVANCED_FACE ( 'NONE', ( #42 ), #287, .F. ) ;"
"#278 = CIRCLE ( 'NONE', #90, 1.000000000000000000 ) ;"
"#279 = APPLICATION_PROTOCOL_DEFINITION ( 'international standard', 'config_control_design', 1994, #483 ) ;"
"#280 = LINE ( 'NONE', #380, #182 ) ;"
"#281 = EDGE_CURVE ( 'NONE', #457, #24, #38, .T. ) ;"
#282 = DATE_TIME_ROLE ( 'creation_date' ) ;
"#283 = DIRECTION ( 'NONE',  ( -1.000000000000000000, -0.000000000000000000, -0.000000000000000000 ) ) ;"
"#284 = COORDINATED_UNIVERSAL_TIME_OFFSET ( 8, 0, .AHEAD. ) ;"
"#285 = EDGE_CURVE ( 'NONE', #9, #507, #92, .T. ) ;"
"#286 = PRODUCT_DEFINITION_SHAPE ( 'NONE', 'NONE',  #628 ) ;"
"#287 = CYLINDRICAL_SURFACE ( 'NONE', #447, 1.000000000000000888 ) ;"
"#288 = EDGE_LOOP ( 'NONE', ( #556, #439, #292, #615 ) ) ;"
"#289 = CIRCLE ( 'NONE', #202, 1.000000000000000000 ) ;"
"#290 = CC_DESIGN_SECURITY_CLASSIFICATION ( #647, ( #142 ) ) ;"
"#291 = LINE ( 'NONE', #37, #298 ) ;"
"#292 = ORIENTED_EDGE ( 'NONE', *, *, #256, .T. ) ;"
"#293 = LINE ( 'NONE', #191, #523 ) ;"
"#294 = VERTEX_POINT ( 'NONE', #94 ) ;"
"#295 = CARTESIAN_POINT ( 'NONE',  ( 49.99999999999999289, 10.00000000000000000, 0.000000000000000000 ) ) ;"
"#296 = ORIENTED_EDGE ( 'NONE', *, *, #411, .F. ) ;"
"#297 = EDGE_CURVE ( 'NONE', #507, #294, #150, .T. ) ;"
"#298 = VECTOR ( 'NONE', #283, 1000.000000000000000 ) ;"
"#299 = CARTESIAN_POINT ( 'NONE',  ( 49.99999999999999289, 0.000000000000000000, 0.000000000000000000 ) ) ;"
"#300 = LOCAL_TIME ( 17, 58, 36.00000000000000000, #41 ) ;"
"#301 = CIRCLE ( 'NONE', #468, 1.000000000000000000 ) ;"
"#302 = ORIENTED_EDGE ( 'NONE', *, *, #374, .T. ) ;"
"#303 = APPROVAL_DATE_TIME ( #504, #59 ) ;"
"#304 = CARTESIAN_POINT ( 'NONE',  ( 0.000000000000000000, 5.000000000000000000, -20.00000000000000000 ) ) ;"
"#305 = ORIENTED_EDGE ( 'NONE', *, *, #329, .T. ) ;"
"#306 = VERTEX_POINT ( 'NONE', #551 ) ;"
"#307 = PERSON_AND_ORGANIZATION ( #426, #129 ) ;"
"#308 = EDGE_CURVE ( 'NONE', #187, #464, #70, .T. ) ;"
"#309 = CARTESIAN_POINT ( 'NONE',  ( 37.00000000000000000, 4.000000000000000000, -7.000000000000000000 ) ) ;"
"#310 = ORIENTED_EDGE ( 'NONE', *, *, #355, .F. ) ;"
"#311 = AXIS2_PLACEMENT_3D ( 'NONE', #236, #331, #89 ) ;"
"#312 = FACE_OUTER_BOUND ( 'NONE', #514, .T. ) ;"
"#313 = EDGE_LOOP ( 'NONE', ( #310, #373, #605, #350 ) ) ;"
"#314 = CYLINDRICAL_SURFACE ( 'NONE', #360, 1.000000000000000888 ) ;"
"#315 = LINE ( 'NONE', #420, #480 ) ;"
"#316 = LINE ( 'NONE', #262, #252 ) ;"
"#317 = FACE_OUTER_BOUND ( 'NONE', #288, .T. ) ;"
"#318 = EDGE_CURVE ( 'NONE', #562, #124, #156, .T. ) ;"
"#319 = ORIENTED_EDGE ( 'NONE', *, *, #47, .T. ) ;"
"#320 = CARTESIAN_POINT ( 'NONE',  ( 3.000000000000000000, 6.000000000000003553, -4.999999999999999112 ) ) ;"
"#321 = AXIS2_PLACEMENT_3D ( 'NONE', #535, #134, #83 ) ;"
"#322 = LINE ( 'NONE', #525, #195 ) ;"
"#323 = ORIENTED_EDGE ( 'NONE', *, *, #91, .T. ) ;"
"#324 = CARTESIAN_POINT ( 'NONE',  ( 0.000000000000000000, 5.000000000000000000, -1.000000000000001776 ) ) ;"
"#325 = EDGE_CURVE ( 'NONE', #306, #143, #214, .T. ) ;"
"#326 = DIRECTION ( 'NONE',  ( 0.000000000000000000, 0.000000000000000000, 1.000000000000000000 ) ) ;"
"#327 = ORIENTED_EDGE ( 'NONE', *, *, #450, .T. ) ;"
"#328 = CALENDAR_DATE ( 2022, 8, 9 ) ;"
"#329 = EDGE_CURVE ( 'NONE', #651, #347, #584, .T. ) ;"
"#330 = DIRECTION ( 'NONE',  ( -0.000000000000000000, -0.000000000000000000, 1.000000000000000000 ) ) ;"
"#331 = DIRECTION ( 'NONE',  ( -1.000000000000000000, 0.000000000000000000, 0.000000000000000000 ) ) ;"
"#332 = PLANE ( 'NONE',  #381 ) ;"
"#333 = VECTOR ( 'NONE', #349, 1000.000000000000000 ) ;"
"#334 = CIRCLE ( 'NONE', #534, 1.000000000000000888 ) ;"
"#335 = CARTESIAN_POINT ( 'NONE',  ( 0.000000000000000000, 4.000000000000003553, -2.000000000000000000 ) ) ;"
"#336 = PLANE ( 'NONE',  #50 ) ;"
"#337 = EDGE_CURVE ( 'NONE', #43, #627, #345, .T. ) ;"
"#338 = COORDINATED_UNIVERSAL_TIME_OFFSET ( 8, 0, .AHEAD. ) ;"
"#339 = DIRECTION ( 'NONE',  ( -0.000000000000000000, -0.000000000000000000, 1.000000000000000000 ) ) ;"
"#340 = ORIENTED_EDGE ( 'NONE', *, *, #86, .F. ) ;"
"#341 = DIRECTION ( 'NONE',  ( -1.000000000000000000, 0.000000000000000000, 0.000000000000000000 ) ) ;"
"#342 = EDGE_LOOP ( 'NONE', ( #52, #406, #490, #476 ) ) ;"
"#343 = DIRECTION ( 'NONE',  ( -1.000000000000000000, 0.000000000000000000, 0.000000000000000000 ) ) ;"
"#344 = ORIENTED_EDGE ( 'NONE', *, *, #500, .T. ) ;"
"#345 = LINE ( 'NONE', #97, #266 ) ;"
"#346 = EDGE_CURVE ( 'NONE', #196, #452, #448, .T. ) ;"
"#347 = VERTEX_POINT ( 'NONE', #356 ) ;"
"#348 = COORDINATED_UNIVERSAL_TIME_OFFSET ( 8, 0, .AHEAD. ) ;"
"#349 = DIRECTION ( 'NONE',  ( -0.000000000000000000, -0.000000000000000000, 1.000000000000000000 ) ) ;"
"#350 = ORIENTED_EDGE ( 'NONE', *, *, #285, .F. ) ;"
"#351 = CIRCLE ( 'NONE', #526, 1.000000000000000888 ) ;"
"#352 = DIRECTION ( 'NONE',  ( -1.000000000000000000, 0.000000000000000000, 0.000000000000000000 ) ) ;"
"#353 = VECTOR ( 'NONE', #100, 1000.000000000000000 ) ;"
"#354 = ORIENTED_EDGE ( 'NONE', *, *, #12, .F. ) ;"
"#355 = EDGE_CURVE ( 'NONE', #627, #9, #393, .T. ) ;"
"#356 = CARTESIAN_POINT ( 'NONE',  ( 12.00000000000000000, 10.00000000000000000, -15.00000000000000355 ) ) ;"
"#357 = ORIENTED_EDGE ( 'NONE', *, *, #421, .F. ) ;"
"#358 = CARTESIAN_POINT ( 'NONE',  ( 49.99999999999999289, 10.00000000000000000, 0.000000000000000000 ) ) ;"
"#359 = ORIENTED_EDGE ( 'NONE', *, *, #585, .F. ) ;"
"#360 = AXIS2_PLACEMENT_3D ( 'NONE', #74, #616, #221 ) ;"
"#361 = DIRECTION ( 'NONE',  ( 1.000000000000000000, 0.000000000000000000, 0.000000000000000000 ) ) ;"
"#362 = DIRECTION ( 'NONE',  ( 1.000000000000000000, 0.000000000000000000, 0.000000000000000000 ) ) ;"
"#363 = CC_DESIGN_APPROVAL ( #59, ( #647 ) ) ;"
"#364 = CARTESIAN_POINT ( 'NONE',  ( 12.00000000000000000, 10.00000000000000000, -10.00000000000000178 ) ) ;"
"#365 = DIRECTION ( 'NONE',  ( -0.000000000000000000, -1.000000000000000000, -0.000000000000000000 ) ) ;"
"#366 = CC_DESIGN_DATE_AND_TIME_ASSIGNMENT ( #398, #2, ( #647 ) ) ;"
"#367 = FACE_BOUND ( 'NONE', #135, .T. ) ;"
"#368 = CARTESIAN_POINT ( 'NONE',  ( 37.00000000000000000, 4.000000000000000000, 0.000000000000000000 ) ) ;"
"#369 = ORIENTED_EDGE ( 'NONE', *, *, #297, .T. ) ;"
"#370 = DIRECTION ( 'NONE',  ( -0.000000000000000000, -1.000000000000000000, -0.000000000000000000 ) ) ;"
"#371 = CIRCLE ( 'NONE', #193, 3.000000000000002665 ) ;"
"#372 = DIRECTION ( 'NONE',  ( 1.000000000000000000, 0.000000000000000000, 0.000000000000000000 ) ) ;"
"#373 = ORIENTED_EDGE ( 'NONE', *, *, #103, .F. ) ;"
"#374 = EDGE_CURVE ( 'NONE', #552, #572, #351, .T. ) ;"
"#375 = DIRECTION ( 'NONE',  ( 0.000000000000000000, -1.000000000000000000, 0.000000000000000000 ) ) ;"
"#376 = CYLINDRICAL_SURFACE ( 'NONE', #436, 1.000000000000000000 ) ;"
"#377 = CARTESIAN_POINT ( 'NONE',  ( 0.000000000000000000, 0.000000000000000000, 0.000000000000000000 ) ) ;"
"#378 = FACE_OUTER_BOUND ( 'NONE', #4, .T. ) ;"
"#379 = CARTESIAN_POINT ( 'NONE',  ( 12.00000000000000000, 0.000000000000000000, -5.000000000000000888 ) ) ;"
"#380 = CARTESIAN_POINT ( 'NONE',  ( 37.00000000000000000, 4.000000000000000000, -7.000000000000000000 ) ) ;"
"#381 = AXIS2_PLACEMENT_3D ( 'NONE', #586, #180, #538 ) ;"
"#382 = AXIS2_PLACEMENT_3D ( 'NONE', #377, #133, #275 ) ;"
"#383 = CIRCLE ( 'NONE', #637, 1.000000000000000000 ) ;"
"#384 = DIRECTION ( 'NONE',  ( 0.000000000000000000, 0.000000000000000000, 1.000000000000000000 ) ) ;"
"#385 = ORIENTED_EDGE ( 'NONE', *, *, #510, .F. ) ;"
#386 = PERSON_AND_ORGANIZATION_ROLE ( 'creator' ) ;
"#387 = CARTESIAN_POINT ( 'NONE',  ( 3.500000000000000000, 5.000000000000000000, -20.00000000000000000 ) ) ;"
"#388 = ORIENTED_EDGE ( 'NONE', *, *, #281, .T. ) ;"
"#389 = CARTESIAN_POINT ( 'NONE',  ( 0.000000000000000000, 5.000000000000000000, -21.00000000000000000 ) ) ;"
"#390 = VERTEX_POINT ( 'NONE', #650 ) ;"
"#391 = AXIS2_PLACEMENT_3D ( 'NONE', #64, #463, #26 ) ;"
"#392 = APPROVAL ( #491, '־´ײ¸¶¨' ) ;"
"#393 = LINE ( 'NONE', #497, #402 ) ;"
"#394 = EDGE_LOOP ( 'NONE', ( #427, #235, #591, #258, #1 ) ) ;"
"#395 = CARTESIAN_POINT ( 'NONE',  ( 3.000000000000000000, 4.000000000000003553, -4.999999999999999112 ) ) ;"
"#396 = ADVANCED_FACE ( 'NONE', ( #197 ), #248, .F. ) ;"
"#397 = EDGE_LOOP ( 'NONE', ( #261, #494, #422, #609 ) ) ;"
"#398 = DATE_AND_TIME ( #600, #16 ) ;"
"#399 = FACE_OUTER_BOUND ( 'NONE', #397, .T. ) ;"
"#400 = ORIENTED_EDGE ( 'NONE', *, *, #500, .F. ) ;"
"#401 = EDGE_CURVE ( 'NONE', #390, #602, #403, .T. ) ;"
"#402 = VECTOR ( 'NONE', #48, 1000.000000000000000 ) ;"
"#403 = LINE ( 'NONE', #506, #435 ) ;"
"#404 = VERTEX_POINT ( 'NONE', #206 ) ;"
"#405 = DIRECTION ( 'NONE',  ( 0.000000000000000000, 0.000000000000000000, 1.000000000000000000 ) ) ;"
"#406 = ORIENTED_EDGE ( 'NONE', *, *, #158, .T. ) ;"
"#407 = ORIENTED_EDGE ( 'NONE', *, *, #346, .T. ) ;"
"#408 = DIRECTION ( 'NONE',  ( 0.000000000000000000, 0.000000000000000000, 1.000000000000000000 ) ) ;"
"#409 = CARTESIAN_POINT ( 'NONE',  ( 12.00000000000000000, 0.000000000000000000, -10.00000000000000178 ) ) ;"
"#410 = CIRCLE ( 'NONE', #603, 3.000000000000002665 ) ;"
"#411 = EDGE_CURVE ( 'NONE', #602, #473, #645, .T. ) ;"
"#412 = CARTESIAN_POINT ( 'NONE',  ( 3.000000000000000000, 4.000000000000003553, -4.999999999999999112 ) ) ;"
"#413 = DIRECTION ( 'NONE',  ( 0.000000000000000000, 0.000000000000000000, 1.000000000000000000 ) ) ;"
"#414 = LOCAL_TIME ( 17, 58, 36.00000000000000000, #338 ) ;"
"#415 = AXIS2_PLACEMENT_3D ( 'NONE', #160, #186, #543 ) ;"
"#416 = DIRECTION ( 'NONE',  ( 0.000000000000000000, 0.000000000000000000, 1.000000000000000000 ) ) ;"
"#417 = FACE_OUTER_BOUND ( 'NONE', #342, .T. ) ;"
"#418 = EDGE_LOOP ( 'NONE', ( #521, #340, #357, #55 ) ) ;"
"#419 = FACE_BOUND ( 'NONE', #608, .T. ) ;"
"#420 = CARTESIAN_POINT ( 'NONE',  ( 0.000000000000000000, 0.000000000000000000, -30.00000000000000000 ) ) ;"
"#421 = EDGE_CURVE ( 'NONE', #43, #145, #107, .T. ) ;"
"#422 = ORIENTED_EDGE ( 'NONE', *, *, #234, .T. ) ;"
"#423 = DIRECTION ( 'NONE',  ( 0.000000000000000000, 0.000000000000000000, 1.000000000000000000 ) ) ;"
"#424 = AXIS2_PLACEMENT_3D ( 'NONE', #259, #408, #361 ) ;"
"#425 = DIRECTION ( 'NONE',  ( -0.000000000000000000, 1.000000000000000000, -0.000000000000000000 ) ) ;"
"#426 = PERSON ( '־´ײ¸¶¨', '־´ײ¸¶¨', '־´ײ¸¶¨', ('־´ײ¸¶¨'), ('־´ײ¸¶¨'), ('־´ײ¸¶¨') ) ;"
"#427 = ORIENTED_EDGE ( 'NONE', *, *, #247, .T. ) ;"
"#428 =( NAMED_UNIT ( * ) PLANE_ANGLE_UNIT ( ) SI_UNIT ( $, .RADIAN. ) );"
"#429 = PLANE ( 'NONE',  #99 ) ;"
"#430 = DATE_AND_TIME ( #633, #300 ) ;"
"#431 = DIRECTION ( 'NONE',  ( 0.000000000000000000, -1.000000000000000000, 0.000000000000000000 ) ) ;"
#432 = PERSON_AND_ORGANIZATION_ROLE ( 'design_supplier' ) ;
"#433 = ADVANCED_FACE ( 'NONE', ( #399 ), #253, .F. ) ;"
"#434 = CARTESIAN_POINT ( 'NONE',  ( 0.000000000000000000, 10.00000000000000000, 0.000000000000000000 ) ) ;"
"#435 = VECTOR ( 'NONE', #147, 1000.000000000000000 ) ;"
"#436 = AXIS2_PLACEMENT_3D ( 'NONE', #272, #475, #579 ) ;"
"#437 = FACE_OUTER_BOUND ( 'NONE', #96, .T. ) ;"
"#438 = PRODUCT ( 'ֱד¼‏11', 'ֱד¼‏11', '', ( #78 ) ) ;"
"#439 = ORIENTED_EDGE ( 'NONE', *, *, #588, .F. ) ;"
"#440 = CARTESIAN_POINT ( 'NONE',  ( 3.000000000000000000, 5.000000000000003553, -4.999999999999999112 ) ) ;"
"#441 = DIRECTION ( 'NONE',  ( -1.000000000000000000, -0.000000000000000000, -0.000000000000000000 ) ) ;"
"#442 = EDGE_LOOP ( 'NONE', ( #460, #641, #518, #73 ) ) ;"
"#443 = ADVANCED_FACE ( 'NONE', ( #250 ), #456, .F. ) ;"
"#444 = CARTESIAN_POINT ( 'NONE',  ( 3.000000000000000000, 4.000000000000003553, -4.999999999999999112 ) ) ;"
"#445 = ORIENTED_EDGE ( 'NONE', *, *, #411, .T. ) ;"
"#446 = AXIS2_PLACEMENT_3D ( 'NONE', #601, #555, #104 ) ;"
"#447 = AXIS2_PLACEMENT_3D ( 'NONE', #387, #225, #233 ) ;"
"#448 = LINE ( 'NONE', #295, #536 ) ;"
"#449 = ORIENTED_EDGE ( 'NONE', *, *, #114, .T. ) ;"
"#450 = EDGE_CURVE ( 'NONE', #572, #552, #334, .T. ) ;"
"#451 = DIRECTION ( 'NONE',  ( 0.000000000000000000, 0.000000000000000000, 1.000000000000000000 ) ) ;"
"#452 = VERTEX_POINT ( 'NONE', #558 ) ;"
"#453 = DIRECTION ( 'NONE',  ( 0.000000000000000000, -0.000000000000000000, -1.000000000000000000 ) ) ;"
"#454 = ORIENTED_EDGE ( 'NONE', *, *, #47, .F. ) ;"
"#455 = AXIS2_PLACEMENT_3D ( 'NONE', #623, #375, #170 ) ;"
"#456 = PLANE ( 'NONE',  #231 ) ;"
"#457 = VERTEX_POINT ( 'NONE', #309 ) ;"
"#458 = ORIENTED_EDGE ( 'NONE', *, *, #588, .T. ) ;"
"#459 = CARTESIAN_POINT ( 'NONE',  ( 0.000000000000000000, 10.00000000000000000, 0.000000000000000000 ) ) ;"
"#460 = ORIENTED_EDGE ( 'NONE', *, *, #585, .T. ) ;"
"#461 = EDGE_CURVE ( 'NONE', #196, #507, #509, .T. ) ;"
"#462 = DIRECTION ( 'NONE',  ( 0.000000000000000000, 1.000000000000000000, 0.000000000000000000 ) ) ;"
"#463 = DIRECTION ( 'NONE',  ( -0.000000000000000000, -0.000000000000000000, 1.000000000000000000 ) ) ;"
"#464 = VERTEX_POINT ( 'NONE', #595 ) ;"
"#465 = VECTOR ( 'NONE', #635, 1000.000000000000000 ) ;"
"#466 = CARTESIAN_POINT ( 'NONE',  ( 0.000000000000000000, 10.00000000000000000, -30.00000000000000000 ) ) ;"
"#467 = CARTESIAN_POINT ( 'NONE',  ( 3.000000000000000000, 5.000000000000000000, -2.000000000000001776 ) ) ;"
"#468 = AXIS2_PLACEMENT_3D ( 'NONE', #539, #343, #34 ) ;"
"#469 = ORIENTED_EDGE ( 'NONE', *, *, #510, .T. ) ;"
"#470 = FACE_OUTER_BOUND ( 'NONE', #394, .T. ) ;"
"#471 = EDGE_CURVE ( 'NONE', #562, #187, #63, .T. ) ;"
"#472 = CARTESIAN_POINT ( 'NONE',  ( 40.00000000000000000, 4.000000000000000000, 0.000000000000000000 ) ) ;"
"#473 = VERTEX_POINT ( 'NONE', #619 ) ;"
"#474 = DIRECTION ( 'NONE',  ( 0.000000000000000000, 0.000000000000000000, 1.000000000000000000 ) ) ;"
"#475 = DIRECTION ( 'NONE',  ( -1.000000000000000000, -0.000000000000000000, -0.000000000000000000 ) ) ;"
"#476 = ORIENTED_EDGE ( 'NONE', *, *, #256, .F. ) ;"
"#477 = PLANE ( 'NONE',  #544 ) ;"
"#478 =( GEOMETRIC_REPRESENTATION_CONTEXT ( 3 ) GLOBAL_UNCERTAINTY_ASSIGNED_CONTEXT ( ( #188 ) ) GLOBAL_UNIT_ASSIGNED_CONTEXT ( ( #190, #428, #181 ) ) REPRESENTATION_CONTEXT ( 'NONE', 'WORKASPACE' ) );"
"#479 = CYLINDRICAL_SURFACE ( 'NONE', #149, 1.000000000000000000 ) ;"
"#480 = VECTOR ( 'NONE', #520, 1000.000000000000000 ) ;"
"#481 = CARTESIAN_POINT ( 'NONE',  ( 12.00000000000000000, 10.00000000000000000, -5.000000000000000888 ) ) ;"
"#482 = CARTESIAN_POINT ( 'NONE',  ( 43.00000000000000000, 4.000000000000000000, -7.000000000000000000 ) ) ;"
#483 = APPLICATION_CONTEXT ( 'configuration controlled 3d designs of mechanical parts and assemblies' ) ;
"#484 = CC_DESIGN_PERSON_AND_ORGANIZATION_ASSIGNMENT ( #136, #557, ( #647 ) ) ;"
"#485 = PERSON_AND_ORGANIZATION ( #426, #129 ) ;"
"#486 = DIRECTION ( 'NONE',  ( 1.000000000000000000, 0.000000000000000000, -0.000000000000000000 ) ) ;"
#487 = PERSON_AND_ORGANIZATION_ROLE ( 'design_owner' ) ;
"#488 = FACE_OUTER_BOUND ( 'NONE', #418, .T. ) ;"
"#489 = VECTOR ( 'NONE', #578, 1000.000000000000000 ) ;"
"#490 = ORIENTED_EDGE ( 'NONE', *, *, #553, .T. ) ;"
#491 = APPROVAL_STATUS ( 'not_yet_approved' ) ;
"#492 = CARTESIAN_POINT ( 'NONE',  ( 3.000000000000000000, 5.000000000000003553, -4.999999999999999112 ) ) ;"
"#493 = ADVANCED_FACE ( 'NONE', ( #367, #159 ), #564, .T. ) ;"
"#494 = ORIENTED_EDGE ( 'NONE', *, *, #308, .F. ) ;"
"#495 = CARTESIAN_POINT ( 'NONE',  ( 3.500000000000000000, 5.000000000000000000, -20.00000000000000000 ) ) ;"
"#496 = ORIENTED_EDGE ( 'NONE', *, *, #103, .T. ) ;"
"#497 = CARTESIAN_POINT ( 'NONE',  ( 0.000000000000000000, 0.000000000000000000, 0.000000000000000000 ) ) ;"
"#498 = PLANE ( 'NONE',  #128 ) ;"
"#499 = AXIS2_PLACEMENT_3D ( 'NONE', #67, #575, #571 ) ;"
"#500 = EDGE_CURVE ( 'NONE', #511, #531, #289, .T. ) ;"
"#501 = VECTOR ( 'NONE', #45, 1000.000000000000000 ) ;"
"#502 = DIRECTION ( 'NONE',  ( 0.000000000000000000, 0.000000000000000000, 1.000000000000000000 ) ) ;"
"#503 = ORIENTED_EDGE ( 'NONE', *, *, #216, .T. ) ;"
"#504 = DATE_AND_TIME ( #57, #626 ) ;"
"#505 = EDGE_CURVE ( 'NONE', #110, #621, #29, .T. ) ;"
"#506 = CARTESIAN_POINT ( 'NONE',  ( 3.000000000000000000, 6.000000000000003553, -2.000000000000000000 ) ) ;"
"#507 = VERTEX_POINT ( 'NONE', #19 ) ;"
"#508 = COORDINATED_UNIVERSAL_TIME_OFFSET ( 8, 0, .AHEAD. ) ;"
"#509 = LINE ( 'NONE', #358, #512 ) ;"
"#510 = EDGE_CURVE ( 'NONE', #452, #294, #316, .T. ) ;"
"#511 = VERTEX_POINT ( 'NONE', #324 ) ;"
"#512 = VECTOR ( 'NONE', #194, 1000.000000000000000 ) ;"
"#513 = DIRECTION ( 'NONE',  ( -1.000000000000000000, 0.000000000000000000, 0.000000000000000000 ) ) ;"
"#514 = EDGE_LOOP ( 'NONE', ( #101, #577, #540, #166 ) ) ;"
"#515 = ADVANCED_FACE ( 'NONE', ( #312 ), #314, .F. ) ;"
"#516 = LINE ( 'NONE', #174, #489 ) ;"
"#517 = FACE_OUTER_BOUND ( 'NONE', #207, .T. ) ;"
"#518 = ORIENTED_EDGE ( 'NONE', *, *, #471, .F. ) ;"
"#519 = PLANE ( 'NONE',  #6 ) ;"
"#520 = DIRECTION ( 'NONE',  ( -1.000000000000000000, -0.000000000000000000, -0.000000000000000000 ) ) ;"
"#521 = ORIENTED_EDGE ( 'NONE', *, *, #355, .T. ) ;"
"#522 = EDGE_CURVE ( 'NONE', #572, #306, #516, .T. ) ;"
"#523 = VECTOR ( 'NONE', #441, 1000.000000000000000 ) ;"
"#524 = CARTESIAN_POINT ( 'NONE',  ( 0.000000000000000000, 5.000000000000000000, -2.000000000000001776 ) ) ;"
"#525 = CARTESIAN_POINT ( 'NONE',  ( 0.000000000000000000, 10.00000000000000000, 0.000000000000000000 ) ) ;"
"#526 = AXIS2_PLACEMENT_3D ( 'NONE', #495, #58, #243 ) ;"
"#527 = ORIENTED_EDGE ( 'NONE', *, *, #421, .T. ) ;"
"#528 = DIRECTION ( 'NONE',  ( 0.000000000000000000, 0.000000000000000000, 1.000000000000000000 ) ) ;"
#529 = APPLICATION_CONTEXT ( 'configuration controlled 3d designs of mechanical parts and assemblies' ) ;
"#530 = FACE_OUTER_BOUND ( 'NONE', #56, .T. ) ;"
"#531 = VERTEX_POINT ( 'NONE', #61 ) ;"
"#532 = DIRECTION ( 'NONE',  ( -1.000000000000000000, 0.000000000000000000, 0.000000000000000000 ) ) ;"
"#533 = CARTESIAN_POINT ( 'NONE',  ( 40.00000000000000000, 4.000000000000000000, -7.000000000000000000 ) ) ;"
"#534 = AXIS2_PLACEMENT_3D ( 'NONE', #604, #3, #153 ) ;"
"#535 = CARTESIAN_POINT ( 'NONE',  ( 0.000000000000000000, 10.00000000000000000, 0.000000000000000000 ) ) ;"
"#536 = VECTOR ( 'NONE', #54, 1000.000000000000000 ) ;"
"#537 = APPROVAL ( #185, '־´ײ¸¶¨' ) ;"
"#538 = DIRECTION ( 'NONE',  ( 0.000000000000000000, 0.000000000000000000, 1.000000000000000000 ) ) ;"
"#539 = CARTESIAN_POINT ( 'NONE',  ( 0.000000000000000000, 5.000000000000003553, -4.999999999999999112 ) ) ;"
"#540 = ORIENTED_EDGE ( 'NONE', *, *, #636, .T. ) ;"
"#541 = APPLICATION_PROTOCOL_DEFINITION ( 'international standard', 'config_control_design', 1994, #529 ) ;"
"#542 = ADVANCED_FACE ( 'NONE', ( #419, #257 ), #519, .F. ) ;"
"#543 = DIRECTION ( 'NONE',  ( 1.000000000000000000, 0.000000000000000000, 0.000000000000000000 ) ) ;"
"#544 = AXIS2_PLACEMENT_3D ( 'NONE', #440, #532, #232 ) ;"
"#545 = ORIENTED_EDGE ( 'NONE', *, *, #505, .T. ) ;"
"#546 = DIRECTION ( 'NONE',  ( 1.000000000000000000, 0.000000000000000000, 0.000000000000000000 ) ) ;"
"#547 = EDGE_LOOP ( 'NONE', ( #369, #385, #173, #249 ) ) ;"
#548 = APPROVAL_STATUS ( 'not_yet_approved' ) ;
"#549 = CARTESIAN_POINT ( 'NONE',  ( 12.00000000000000000, 10.00000000000000000, -10.00000000000000178 ) ) ;"
"#550 = ORIENTED_EDGE ( 'NONE', *, *, #273, .F. ) ;"
"#551 = CARTESIAN_POINT ( 'NONE',  ( 0.000000000000000000, 5.000000000000000000, -19.00000000000000000 ) ) ;"
"#552 = VERTEX_POINT ( 'NONE', #209 ) ;"
"#553 = EDGE_CURVE ( 'NONE', #108, #404, #573, .T. ) ;"
"#554 = VECTOR ( 'NONE', #339, 1000.000000000000000 ) ;"
"#555 = DIRECTION ( 'NONE',  ( -1.000000000000000000, -0.000000000000000000, -0.000000000000000000 ) ) ;"
"#556 = ORIENTED_EDGE ( 'NONE', *, *, #158, .F. ) ;"
#557 = PERSON_AND_ORGANIZATION_ROLE ( 'classification_officer' ) ;
"#558 = CARTESIAN_POINT ( 'NONE',  ( 49.99999999999999289, 10.00000000000000000, -30.00000000000000000 ) ) ;"
"#559 = ORIENTED_EDGE ( 'NONE', *, *, #273, .T. ) ;"
"#560 = EDGE_CURVE ( 'NONE', #347, #651, #242, .T. ) ;"
"#561 = DIRECTION ( 'NONE',  ( -0.000000000000000000, -1.000000000000000000, -0.000000000000000000 ) ) ;"
"#562 = VERTEX_POINT ( 'NONE', #412 ) ;"
"#563 = VECTOR ( 'NONE', #425, 1000.000000000000000 ) ;"
"#564 = PLANE ( 'NONE',  #455 ) ;"
"#565 = CARTESIAN_POINT ( 'NONE',  ( 0.000000000000000000, 10.00000000000000000, 0.000000000000000000 ) ) ;"
"#566 = DIRECTION ( 'NONE',  ( -1.000000000000000000, -0.000000000000000000, -0.000000000000000000 ) ) ;"
"#567 = DIRECTION ( 'NONE',  ( -1.000000000000000000, -0.000000000000000000, -0.000000000000000000 ) ) ;"
"#568 = ADVANCED_FACE ( 'NONE', ( #218 ), #215, .F. ) ;"
"#569 = EDGE_LOOP ( 'NONE', ( #527, #8, #407, #267 ) ) ;"
"#570 = DIRECTION ( 'NONE',  ( 1.000000000000000000, 0.000000000000000000, 0.000000000000000000 ) ) ;"
"#571 = DIRECTION ( 'NONE',  ( 0.000000000000000000, 0.000000000000000000, 1.000000000000000000 ) ) ;"
"#572 = VERTEX_POINT ( 'NONE', #613 ) ;"
"#573 = CIRCLE ( 'NONE', #424, 3.000000000000002665 ) ;"
"#574 = DIRECTION ( 'NONE',  ( 0.000000000000000000, 0.000000000000000000, -1.000000000000000000 ) ) ;"
"#575 = DIRECTION ( 'NONE',  ( 0.000000000000000000, 1.000000000000000000, 0.000000000000000000 ) ) ;"
"#576 = APPROVAL_PERSON_ORGANIZATION ( #485, #537, #176 ) ;"
"#577 = ORIENTED_EDGE ( 'NONE', *, *, #27, .T. ) ;"
"#578 = DIRECTION ( 'NONE',  ( -1.000000000000000000, -0.000000000000000000, -0.000000000000000000 ) ) ;"
"#579 = DIRECTION ( 'NONE',  ( 0.000000000000000000, 0.000000000000000000, 1.000000000000000000 ) ) ;"
#580 = APPROVAL_ROLE ( '' ) ;
"#581 = EDGE_CURVE ( 'NONE', #452, #43, #268, .T. ) ;"
"#582 = FACE_BOUND ( 'NONE', #11, .T. ) ;"
"#583 = CARTESIAN_POINT ( 'NONE',  ( 3.000000000000000000, 6.000000000000003553, -2.000000000000000000 ) ) ;"
"#584 = CIRCLE ( 'NONE', #634, 5.000000000000000888 ) ;"
"#585 = EDGE_CURVE ( 'NONE', #124, #644, #112, .T. ) ;"
"#586 = CARTESIAN_POINT ( 'NONE',  ( 3.500000000000000000, 5.000000000000000000, -20.00000000000000000 ) ) ;"
"#587 = ORIENTED_EDGE ( 'NONE', *, *, #505, .F. ) ;"
"#588 = EDGE_CURVE ( 'NONE', #24, #457, #371, .T. ) ;"
#589 = SECURITY_CLASSIFICATION_LEVEL ( 'unclassified' ) ;
"#590 = FACE_BOUND ( 'NONE', #204, .T. ) ;"
"#591 = ORIENTED_EDGE ( 'NONE', *, *, #308, .T. ) ;"
"#592 = FACE_OUTER_BOUND ( 'NONE', #138, .T. ) ;"
"#593 = AXIS2_PLACEMENT_3D ( 'NONE', #13, #163, #211 ) ;"
"#594 = ORIENTED_EDGE ( 'NONE', *, *, #560, .F. ) ;"
"#595 = CARTESIAN_POINT ( 'NONE',  ( 3.000000000000000000, 5.000000000000000000, -1.000000000000001776 ) ) ;"
"#596 = ORIENTED_EDGE ( 'NONE', *, *, #329, .F. ) ;"
"#597 = CARTESIAN_POINT ( 'NONE',  ( 12.00000000000000000, 0.000000000000000000, -10.00000000000000178 ) ) ;"
"#598 = CC_DESIGN_PERSON_AND_ORGANIZATION_ASSIGNMENT ( #229, #432, ( #142 ) ) ;"
"#599 = ORIENTED_EDGE ( 'NONE', *, *, #581, .F. ) ;"
"#600 = CALENDAR_DATE ( 2022, 8, 9 ) ;"
"#601 = CARTESIAN_POINT ( 'NONE',  ( 3.000000000000000000, 5.000000000000000000, -2.000000000000001776 ) ) ;"
"#602 = VERTEX_POINT ( 'NONE', #320 ) ;"
"#603 = AXIS2_PLACEMENT_3D ( 'NONE', #472, #620, #372 ) ;"
"#604 = CARTESIAN_POINT ( 'NONE',  ( 3.500000000000000000, 5.000000000000000000, -20.00000000000000000 ) ) ;"
"#605 = ORIENTED_EDGE ( 'NONE', *, *, #297, .F. ) ;"
"#606 = EDGE_CURVE ( 'NONE', #644, #511, #278, .T. ) ;"
"#607 = DIRECTION ( 'NONE',  ( 0.000000000000000000, -1.000000000000000000, 0.000000000000000000 ) ) ;"
"#608 = EDGE_LOOP ( 'NONE', ( #60, #251 ) ) ;"
"#609 = ORIENTED_EDGE ( 'NONE', *, *, #606, .T. ) ;"
"#610 = DIRECTION ( 'NONE',  ( 0.000000000000000000, 0.000000000000000000, 1.000000000000000000 ) ) ;"
"#611 = CARTESIAN_POINT ( 'NONE',  ( 0.000000000000000000, 0.000000000000000000, 0.000000000000000000 ) ) ;"
"#612 = VECTOR ( 'NONE', #199, 1000.000000000000000 ) ;"
"#613 = CARTESIAN_POINT ( 'NONE',  ( 3.500000000000000000, 5.000000000000000000, -19.00000000000000000 ) ) ;"
"#614 = DIRECTION ( 'NONE',  ( 0.000000000000000000, 0.000000000000000000, 1.000000000000000000 ) ) ;"
"#615 = ORIENTED_EDGE ( 'NONE', *, *, #132, .T. ) ;"
"#616 = DIRECTION ( 'NONE',  ( -1.000000000000000000, -0.000000000000000000, -0.000000000000000000 ) ) ;"
"#617 = DIRECTION ( 'NONE',  ( -1.000000000000000000, 0.000000000000000000, 0.000000000000000000 ) ) ;"
"#618 = ADVANCED_FACE ( 'NONE', ( #470 ), #477, .T. ) ;"
"#619 = CARTESIAN_POINT ( 'NONE',  ( 0.000000000000000000, 6.000000000000003553, -4.999999999999999112 ) ) ;"
"#620 = DIRECTION ( 'NONE',  ( 0.000000000000000000, 0.000000000000000000, 1.000000000000000000 ) ) ;"
"#621 = VERTEX_POINT ( 'NONE', #379 ) ;"
"#622 = VECTOR ( 'NONE', #566, 1000.000000000000000 ) ;"
"#623 = CARTESIAN_POINT ( 'NONE',  ( 0.000000000000000000, 0.000000000000000000, 0.000000000000000000 ) ) ;"
"#624 = APPROVAL_PERSON_ORGANIZATION ( #307, #59, #146 ) ;"
"#625 = LINE ( 'NONE', #213, #563 ) ;"
"#626 = LOCAL_TIME ( 17, 58, 36.00000000000000000, #348 ) ;"
"#627 = VERTEX_POINT ( 'NONE', #31 ) ;"
"#628 = PRODUCT_DEFINITION ( '־´ײ×', '', #142, #21 ) ;"
"#629 = PERSON_AND_ORGANIZATION ( #426, #129 ) ;"
"#630 = CARTESIAN_POINT ( 'NONE',  ( 49.99999999999999289, 10.00000000000000000, 0.000000000000000000 ) ) ;"
"#631 = APPROVAL_DATE_TIME ( #430, #537 ) ;"
"#632 = DIRECTION ( 'NONE',  ( -0.000000000000000000, 1.000000000000000000, 0.000000000000000000 ) ) ;"
"#633 = CALENDAR_DATE ( 2022, 8, 9 ) ;"
"#634 = AXIS2_PLACEMENT_3D ( 'NONE', #549, #144, #51 ) ;"
"#635 = DIRECTION ( 'NONE',  ( 0.000000000000000000, 0.000000000000000000, -1.000000000000000000 ) ) ;"
"#636 = EDGE_CURVE ( 'NONE', #143, #306, #140, .T. ) ;"
"#637 = AXIS2_PLACEMENT_3D ( 'NONE', #467, #76, #413 ) ;"
"#638 = ADVANCED_BREP_SHAPE_REPRESENTATION ( 'ֱד¼‏11', ( #30, #382 ), #478 ) ;"
"#639 = PERSON_AND_ORGANIZATION ( #426, #129 ) ;"
"#640 = PLANE ( 'NONE',  #321 ) ;"
"#641 = ORIENTED_EDGE ( 'NONE', *, *, #234, .F. ) ;"
"#642 = CALENDAR_DATE ( 2022, 8, 9 ) ;"
"#643 = CARTESIAN_POINT ( 'NONE',  ( 0.000000000000000000, 6.000000000000003553, -2.000000000000000000 ) ) ;"
"#644 = VERTEX_POINT ( 'NONE', #335 ) ;"
"#645 = LINE ( 'NONE', #652, #612 ) ;"
"#646 = ORIENTED_EDGE ( 'NONE', *, *, #560, .T. ) ;"
"#647 = SECURITY_CLASSIFICATION ( '', '', #589 ) ;"
"#648 = AXIS2_PLACEMENT_3D ( 'NONE', #492, #341, #384 ) ;"
"#649 = CC_DESIGN_DATE_AND_TIME_ASSIGNMENT ( #81, #282, ( #628 ) ) ;"
"#650 = CARTESIAN_POINT ( 'NONE',  ( 3.000000000000000000, 6.000000000000000000, -2.000000000000000000 ) ) ;"
"#651 = VERTEX_POINT ( 'NONE', #481 ) ;"
"#652 = CARTESIAN_POINT ( 'NONE',  ( 3.000000000000000000, 6.000000000000003553, -4.999999999999999112 ) ) ;"
ENDSEC;
END-ISO-10303-21;
